,Sensitive,Resistant
TTG,0.91,0.91
GCA,0.43,0.43
GAT,0.32,0.32
TCC,1.69,1.69
CGC,2.92,2.92
CAG,1.88,1.88
AGC,1.38,1.38
AAA,0.72,0.72
ACA,0.26,0.26
GCC,2.07,2.07
GCT,0.05,0.05
AGT,0.15,0.15
CCT,0.28,0.28
CCG,2.34,2.34
CAA,0.12,0.12
TCG,2.31,2.31
AAT,0.62,0.62
AAC,1.38,1.38
GTA,0.12,0.12
CCC,0.97,0.97
GGA,0.52,0.52
GCG,1.45,1.45
CCA,0.41,0.41
CGG,1.95,1.95
GTC,1.45,1.45
TTC,1.88,1.88
AAG,1.28,1.28
CTG,4.16,4.18
GAA,0.65,0.65
CTT,0.08,0.08
GAG,1.35,1.35
GTT,0.7,0.7
CTC,0.53,0.53
GAC,1.68,1.68
ACC,2.55,2.55
TGG,1.0,1.0
ATC,2.56,2.56
GGT,0.58,0.58
GTG,1.74,1.74
GGC,2.26,2.27
TAC,1.28,1.28
TCT,0.15,0.15
GGG,0.64,0.64
ATG,1.0,1.0
CGT,0.53,0.53
TGC,1.0,1.01
ACG,0.77,0.77
ATT,0.44,0.44
CAC,1.86,1.86
TTT,0.12,0.12
CGA,0.23,0.23
TCA,0.31,0.31
TAT,0.72,0.72
CAT,0.14,0.14
ACT,0.43,0.43
TGT,1.0,0.99
AGG,0.38,0.38
CTA,0.17,0.15
AGA,0.17,0.17
ATA,0.12,0.12
TTA,0.15,0.15
